<?xml version="1.0" encoding="UTF-8"?>
<!--
 Description:
 A template ops_config.xml file, this file shall be put on run directory of all applications that wants to use these topics.
-->
<root>
    <ops_config type = "DefaultOPSConfigImpl">
        <domains>

            <!-- TODO: Change domainID and domainAddress to your own ones. -->
            <element type = "MulticastDomain">
                <domainID>FooDomain</domainID>
                <domainAddress>234.5.6.8</domainAddress>
                <topics>
                    <!-- TODO: Remove FooTopic and create your own ones. -->
                    <element type = "Topic">
                        <name>FooTopic</name>
                        <port>6686</port>
                        <dataType>foopackage.FooData</dataType>
                    </element>
                    <!-- TODO: Add more topics here... -->
                </topics>
            </element>

        </domains>
    </ops_config>
</root>
